139;"blinkComparatorSimulator_fla.Coordinates_42"
129;"fl.controls.DataGrid"
128;"DataGridCellEditor_skin"
126;"fl.controls.ScrollBar"
125;"ScrollBar_thumbIcon"
123;"ScrollArrowUp_disabledSkin"
121;"ScrollArrowDown_disabledSkin"
119;"ScrollArrowDown_upSkin"
117;"ScrollThumb_upSkin"
115;"ScrollArrowUp_upSkin"
113;"ScrollArrowUp_overSkin"
111;"ScrollThumb_overSkin"
109;"ScrollArrowDown_overSkin"
107;"ScrollThumb_downSkin"
105;"ScrollArrowDown_downSkin"
103;"ScrollArrowUp_downSkin"
100;"ScrollTrack_skin"
98;"DataGrid_skin"
96;"ColumnStretch_cursor"
94;"fl.controls.listClasses.CellRenderer"
93;"CellRenderer_selectedUpSkin"
91;"CellRenderer_selectedOverSkin"
89;"CellRenderer_selectedDownSkin"
87;"CellRenderer_selectedDisabledSkin"
85;"CellRenderer_overSkin"
83;"CellRenderer_downSkin"
81;"CellRenderer_disabledSkin"
79;"CellRenderer_upSkin"
77;"HeaderSortArrow_descIcon"
75;"HeaderSortArrow_ascIcon"
73;"fl.controls.dataGridClasses.HeaderRenderer"
72;"HeaderRenderer_selectedUpSkin"
70;"HeaderRenderer_selectedOverSkin"
68;"HeaderRenderer_selectedDownSkin"
67;"HeaderRenderer_selectedDisabledSkin"
65;"HeaderRenderer_overSkin"
63;"HeaderRenderer_downSkin"
61;"HeaderRenderer_disabledSkin"
59;"HeaderRenderer_upSkin"
57;"fl.controls.CheckBox"
56;"CheckBox_selectedDisabledIcon"
54;"CheckBox_selectedDownIcon"
53;"CheckBox_selectedOverIcon"
52;"CheckBox_selectedUpIcon"
49;"CheckBox_disabledIcon"
47;"CheckBox_downIcon"
45;"CheckBox_overIcon"
43;"CheckBox_upIcon"
41;"fl.controls.Button"
40;"Button_upSkin"
38;"Button_selectedUpSkin"
36;"Button_selectedOverSkin"
34;"Button_selectedDownSkin"
32;"Button_selectedDisabledSkin"
30;"Button_overSkin"
28;"Button_emphasizedSkin"
26;"Button_downSkin"
24;"Button_disabledSkin"
22;"fl.controls.Slider"
21;"focusRectSkin"
19;"SliderTrack_disabledSkin"
17;"SliderTick_skin"
15;"SliderTrack_skin"
13;"SliderThumb_disabledSkin"
11;"SliderThumb_downSkin"
9;"SliderThumb_overSkin"
7;"SliderThumb_upSkin"
5;"fl.core.ComponentShim"
2;"Dot"
0;"blinkComparatorSimulator_fla.MainTimeline"
